{"cameraMode":{"drawMode":0,"name":"Shaded","section":"Shading Mode"},"sceneLighting":true,"audioPlay":false,"sceneViewState":{"m_AlwaysRefresh":false,"showFog":true,"showSkybox":true,"showFlares":true,"showImageEffects":true,"showParticleSystems":true,"showVisualEffectGraphs":true,"m_FxEnabled":true},"in2DMode":false,"pivot":{"x":0.20243369042873383,"y":10.847439765930176,"z":-11.936271667480469},"rotation":{"x":-0.30441123247146609,"y":-0.009466204792261124,"z":0.002929046517238021,"w":-0.9525734186172485},"size":2.2923600673675539,"orthographic":false}